feature,importance
stress_level,0.43210303922723525
sleep_hours,0.22162611086947165
meals_skipped,0.08253117059474145
caffeine_intake,0.06513088389904818
screen_time,0.053778146667109256
temperature,0.032459225342990373
pressure,0.023850328501148786
humidity,0.023707987807975645
activity_level,0.022360476174649004
air_quality,0.02135504376051353
water_intake,0.02109758715511691
